{"cameraMode":{"drawMode":0,"name":"Shaded","section":"Shading Mode"},"sceneLighting":true,"audioPlay":false,"sceneViewState":{"showFog":false,"showMaterialUpdate":false,"showSkybox":false,"showFlares":false,"showImageEffects":false,"showParticleSystems":false},"in2DMode":false,"pivot":{"x":-4.7925896644592289,"y":2.201209306716919,"z":2.8014755249023439},"rotation":{"x":-0.2970615029335022,"y":0.41377681493759158,"z":-0.14379888772964478,"w":-0.8485441207885742},"size":12.066272735595704,"orthographic":false}